{"M":{"start":"20120601","end":"20130807","UP":{"extent":52,"threshold":0.006,"revert_extent":20,"revert_param":0.046,"revert_delay":-1},"DOWN":{"extent":38,"threshold":0.009,"revert_extent":33,"revert_param":0.026,"revert_delay":0},"result":{"freq_win":0.9295223179326546,"up_freq_win":1,"down_freq_win":0.9295223179326546,"freq_loss":0.6157407407407407,"up_freq_loss":0,"down_freq_loss":0.6157407407407407,"count":1500,"mean":0.0731593007202382,"stdev":0.07970528905096393,"fitness":109.7389510803573}},"C":{"start":"20120601","end":"20130809","UP":{"extent":46,"threshold":-0.002,"revert_extent":51,"revert_param":-0.001,"revert_delay":11},"DOWN":{"extent":46,"threshold":-0.006,"revert_extent":42,"revert_param":-0.001,"revert_delay":0},"result":{"freq_win":0.6982829108748978,"up_freq_win":0.6982829108748978,"down_freq_win":1,"freq_loss":0.21428571428571427,"up_freq_loss":0.21428571428571427,"down_freq_loss":0,"count":1406,"mean":0.025556143201409507,"stdev":0.027320223997159648,"fitness":35.931937341181765}},"RU":{"start":"20120901","end":"20130709","UP":{"extent":62,"threshold":-0.004,"revert_extent":45,"revert_param":-0.016,"revert_delay":8},"DOWN":{"extent":25,"threshold":0,"revert_extent":38,"revert_param":-0.001,"revert_delay":0},"result":{"freq_win":0.9427043544690603,"up_freq_win":0.975548060708263,"down_freq_win":0.6260162601626016,"freq_loss":0.7142857142857143,"up_freq_loss":0.8071428571428572,"down_freq_loss":0.09523809523809523,"count":1696,"mean":0.12201919276549396,"stdev":0.10495364483779726,"fitness":206.94455093027776}},"WS":{"start":"20120101","end":"20130222","UP":{"extent":47,"threshold":0,"revert_extent":46,"revert_param":0,"revert_delay":4},"DOWN":{"extent":46,"threshold":0,"revert_extent":43,"revert_param":-0.002,"revert_delay":0},"result":{"freq_win":0.7335285505124451,"up_freq_win":0.786447638603696,"down_freq_win":0.6020408163265306,"freq_loss":0.17045454545454544,"up_freq_loss":0.07407407407407407,"down_freq_loss":0.21311475409836064,"count":777,"mean":0.023801783652468017,"stdev":0.02040075659389497,"fitness":18.49398589796765}},"P":{"start":"20120901","end":"20130711","UP":{"extent":41,"threshold":-0.035,"revert_extent":46,"revert_param":-0.041,"revert_delay":2},"DOWN":{"extent":29,"threshold":-0.001,"revert_extent":7,"revert_param":-0.001,"revert_delay":4},"result":{"freq_win":0.9462616822429907,"up_freq_win":0.9462616822429907,"down_freq_win":1,"freq_loss":0.4473684210526316,"up_freq_loss":0.4473684210526316,"down_freq_loss":0,"count":943,"mean":0.08553665500661774,"stdev":0.07665440850502493,"fitness":80.66106567124052}},"PM":{"start":"20120601","end":"20130809","UP":{"extent":38,"threshold":0.07,"revert_extent":20,"revert_param":0.003,"revert_delay":8},"DOWN":{"extent":34,"threshold":0.004,"revert_extent":30,"revert_param":0.011,"revert_delay":0},"result":{"freq_win":0.611764705882353,"up_freq_win":1,"down_freq_win":0.611764705882353,"freq_loss":0.10638297872340426,"up_freq_loss":0,"down_freq_loss":0.10638297872340426,"count":221,"mean":0.013093947786594427,"stdev":0.01502274033618429,"fitness":2.8937624608373684}},"ME":{"start":"20120601","end":"20130809","UP":{"extent":45,"threshold":-0.002,"revert_extent":48,"revert_param":-0.014,"revert_delay":1},"DOWN":{"extent":19,"threshold":0,"revert_extent":54,"revert_param":-0.001,"revert_delay":-6},"result":{"freq_win":0.8532695374800638,"up_freq_win":0.8551724137931034,"down_freq_win":0.8297872340425532,"freq_loss":0.41333333333333333,"up_freq_loss":0.4492753623188406,"down_freq_loss":0,"count":706,"mean":0.04354911822065745,"stdev":0.04021892725154198,"fitness":30.74567746378416}},"ER":{"start":"20120601","end":"20130809","UP":{"extent":33,"threshold":-0.003,"revert_extent":36,"revert_param":-0.003,"revert_delay":11},"DOWN":{"extent":29,"threshold":-0.001,"revert_extent":43,"revert_param":-0.003,"revert_delay":0},"result":{"freq_win":0.8409090909090909,"up_freq_win":0.8430379746835444,"down_freq_win":0,"freq_loss":0.23333333333333334,"up_freq_loss":0.23333333333333334,"down_freq_loss":0,"count":445,"mean":0.08789359279318917,"stdev":0.07888105449987755,"fitness":39.11264879296918}},"PB":{"start":"20120901","end":"20130708","UP":{"extent":56,"threshold":-0.002,"revert_extent":36,"revert_param":-0.041,"revert_delay":2},"DOWN":{"extent":26,"threshold":-0.001,"revert_extent":7,"revert_param":-0.001,"revert_delay":5},"result":{"freq_win":0.780564263322884,"up_freq_win":0.8611111111111112,"down_freq_win":0.032258064516129004,"freq_loss":0,"up_freq_loss":0,"down_freq_loss":0,"count":461,"mean":0.03992337175183614,"stdev":0.042919793570385716,"fitness":18.40467437759646}},"ZN":{"start":"20130101","end":"20130705","UP":{"extent":56,"threshold":-0.002,"revert_extent":25,"revert_param":-0.046,"revert_delay":12},"DOWN":{"extent":25,"threshold":-0.001,"revert_extent":7,"revert_param":-0.001,"revert_delay":2},"result":{"freq_win":0.9131693198263386,"up_freq_win":0.9133034379671151,"down_freq_win":0.9090909090909091,"freq_loss":0.2978723404255319,"up_freq_loss":0.32558139534883723,"down_freq_loss":0,"count":1096,"mean":0.03791134428223844,"stdev":0.04069831674951439,"fitness":41.55083333333333}},"RB":{"start":"20120901","end":"20130708","UP":{"extent":64,"threshold":-0.002,"revert_extent":45,"revert_param":-0.043,"revert_delay":8},"DOWN":{"extent":48,"threshold":0.004,"revert_extent":33,"revert_param":0.003,"revert_delay":3},"result":{"freq_win":0.8711180124223603,"up_freq_win":0.8939114391143912,"down_freq_win":0.75,"freq_loss":0.5653206650831354,"up_freq_loss":0.5833333333333334,"down_freq_loss":0.5206611570247934,"count":2029,"mean":0.03223073652749538,"stdev":0.049488167395628946,"fitness":65.39616441428812}},"FU":{"start":"20130101","end":"20130705","UP":{"extent":48,"threshold":-0.004,"revert_extent":71,"revert_param":-0.007,"revert_delay":11},"DOWN":{"extent":46,"threshold":0,"revert_extent":43,"revert_param":0.026,"revert_delay":0},"result":{"freq_win":0.975609756097561,"up_freq_win":0.975609756097561,"down_freq_win":1,"freq_loss":0.4,"up_freq_loss":0.4,"down_freq_loss":0,"count":47,"mean":0.05908439831617053,"stdev":0.03287226849867335,"fitness":2.776966720860015}},"J":{"start":"20120601","end":"20130807","UP":{"extent":65,"threshold":-0.004,"revert_extent":48,"revert_param":-0.013,"revert_delay":4},"DOWN":{"extent":47,"threshold":0.033,"revert_extent":33,"revert_param":0.014,"revert_delay":4},"result":{"freq_win":0.9483037156704361,"up_freq_win":0.9566724436741768,"down_freq_win":0.8333333333333334,"freq_loss":0.7155963302752294,"up_freq_loss":0.7289719626168224,"down_freq_loss":0,"count":846,"mean":0.08107169597511943,"stdev":0.10049537798727472,"fitness":68.58665479495103}},"AU":{"start":"20130101","end":"20130705","UP":{"extent":46,"threshold":-0.002,"revert_extent":48,"revert_param":-0.043,"revert_delay":2},"DOWN":{"extent":25,"threshold":0.028,"revert_extent":7,"revert_param":-0.001,"revert_delay":4},"result":{"freq_win":0.9173553719008265,"up_freq_win":0.9329501915708812,"down_freq_win":0.8192771084337349,"freq_loss":0.2597402597402597,"up_freq_loss":0.125,"down_freq_loss":0.32075471698113206,"count":707,"mean":0.10582766346872682,"stdev":0.08543573532569425,"fitness":74.82015807238986}},"CF":{"start":"20120901","end":"20130711","UP":{"extent":55,"threshold":0.022,"revert_extent":20,"revert_param":-0.017,"revert_delay":-1},"DOWN":{"extent":34,"threshold":0.004,"revert_extent":38,"revert_param":0.017,"revert_delay":6},"result":{"freq_win":0.6025974025974026,"up_freq_win":1,"down_freq_win":0.6025974025974026,"freq_loss":0.16363636363636364,"up_freq_loss":0,"down_freq_loss":0.16363636363636364,"count":1000,"mean":0.019873346815156605,"stdev":0.027021496456699157,"fitness":19.873346815156605}},"L":{"start":"20120901","end":"20130711","UP":{"extent":44,"threshold":0.003,"revert_extent":36,"revert_param":0,"revert_delay":13},"DOWN":{"extent":19,"threshold":0.005,"revert_extent":36,"revert_param":0.008,"revert_delay":0},"result":{"freq_win":0.8765060240963856,